path,text,trans,count
/content,個,個,55
/content,あと,還有,30
/content,本日,今天,30
/content,騎空団,騎空團,30
/content,ヘルプへ,幫助,30
/content,在庫,庫存,10
/content,その他,其他,10
/content,交換する,交換,14
/content,全て,全部,10
/content,送信する,發送,10
/content,イベント,活動,20
/content,殘り,還剩,20
/content,報酬,報酬,20
/content,図鑑,圖鑑,10
/content,闇,暗,30
/content,風,風,30
/content,設定する,設置,10
/content,キャンセル,取消,10
/content,マイページに戻る,返回首頁,
/content,奧義,奧義,15
/content,上限解放する,上限解放,12
/content,強化する,強化,8
/content,強化,強化,15
/content,カジノ,賭場,10
/content,使用する,使用,30
/content,召喚,召喚,20
/content,加護,加護,20
/content,捧げる,使用,20
/content,クエストリストに戻る,返回任務列表,
/content,並び替え條件,排列條件,6
/content,レアリティ,稀有度,4
/content,屬性順,屬性順,6
/content,武器種順,武器種類,6
/content,入手順,入手順,6
/content,スキルLv,技能LV,6
/content,並び順,排列順序,3
/content,低い順,從低到高,6
/content,高い順,從高到低,6
/content,絞り込み,縮小範圍,6
/content,基本設定,基本設定,6
/content,武器の種類,武器的種類,3
/content,シリーズ,系列,10
/content,カテゴリ,分類,16
/content,セラフィック<br>ウェポン,天司武器,8
/content,リミテッドシリーズ,六限武器,8
/content,終末の神器,終末神器（法武）,6
/content,ドラゴニック<br>ウェポン,六龍武器,6
/content,プライマルシリーズ,1.5老王武器,6
/content,レガリアシリーズ,2.0武器,6
/content,マグナシリーズ,島主系列,6
/content,オールド・<br>プライマルシリーズ,1.5方陣武器,6
/content,虛ろなる神器,虛空神器,6
/content,アストラルウェポン,星幽武器,6
/content,ローズシリーズ,蘿賽塔武器,6
/content,オメガウェポン,U武,6
/content,バハムートウェポン,巴武,6
/content,エピックウェポン,大馬武器,6
/content,コスモスシリーズ,大公武器,6
/content,スペリオルシリーズ,100金月武,6
/content,ヴィンテージ<br>シリーズ,30金月武,6
/content,複製品,複製品,6
/content,朽ち果てた武器,朽武,6
/content,セフィリアン・<br>オールドウェポン,轉世武器,6
/content,オイラは,碧武,6
/content,プロヴィデンス<br>シリーズ,路&巴&貝,6
/content,ジェネシス<br>シリーズ,屬貴,6
/content,オプティマス<br>シリーズ,老王,6
/content,オプティマス・<br>ディヴィジョン,假老王,6
/content,天司シリーズ,天司係列,6
/content,アーカルム<br>シリーズ,塔羅,6
/content,エピックシリーズ,大馬,6
/content,カーバンクル<br>シリーズ,小馬,6
/content,デュナミス<br>シリーズ,其他貴族,6
/content,有りのみ,僅有,10
/content,無しのみ,僅無,10
/content,MAXのみ,僅MAX,10
/content,発動,發動,10
/content,習得,習得,21
/content,変更,變更,9
/content,"<div class=""txt-condition-group-name"">ボーナス</div>",<div class=txt-condition-group-name>+1</div>,
/content,スキル,技能,10
/content,並び替える條件をひとつ選択してください,請選擇重新排列的條件,2
/content,倉庫TOPに戻る,返回倉庫首頁,
/content,リストに戻る,返回列表,
/content,標準,標準,15
/content,イベントTOPへ,回到活動,15
/decompose/content/index,獲得トレジャー確認,確認獲得的素材,
/sell/content/index,決定して売卻,決定並出售,
/container,一括選択する,批量選擇,
/container,一括売卻,批量出售,
/container,倉庫名を変更する,更改倉庫名稱,
/recycling/content/index,決定して使用,決定並使用,
/recycling/content/index,リサイクル化に使用する召喚石を選択してください,請選擇用於回收的召喚石,
/recycling/content/index,リサイクル化に使用する武器を選択してください,請選擇用於回收的武器,
/party/content/job/,"<div class=""btn-tabs"">アビリティ</div>",<div class=btn-tabs>技能</div>,
/party/content/job/,"<div class=""btn-tabs"">サポート</div>",<div class=btn-tabs>被動</div>,
/party/content/job/,"<div class=""btn-tabs"">ボーナス</div>",<div class=btn-tabs>加成</div>,
/party/content/job/,LBを割り振ることで、ジョブを強化することができます。 ,可通過分配LB點數強化職業能力。 ,
/party/content/job/,JOB Lv20でこのジョブのLimit Bonusが解禁され<br>能力を強化することができます。 ,JOB Lv20後可解鎖該職業的Limit Bonus<br>並對其進行強化。 ,
/party/content/job/,閉じる,關閉,
/party/content/job/,アビリティ,技能,8
/party/content/job/,EX・リミットアビリティをそれぞれ2つ(計3つ)までセットできます,EX・限定技能最多可以設置2個(共3個),
/party/content/job/,各種アビリティをそれぞれ2つ(計3つ)までセットできます,每種技能最多可以設置2個(共3個),
/party/content/job/,設定されていません,未設定,
/party/content/job/,サポートアビリティ,被動技能,
/party/content/job/,発動中のマスターボーナス,發動中的主角技能加成,
/party/content/job/,発動中のLvアップボーナス,發動中的LvUP加成,
/party/content/job/,発動中の全ボーナス合計,發動中的加成合計,
/party/content/job/,発動中のボーナスはありません,沒有發動中的加成,
/party/content/job/,のマスターボーナス,的主角加成,
/party/content/job/,効果時間,效果時間,
/quest/content/newassist,強敵のお出ましだ！ ,強大的敵人出現啦！ ,
/quest/content/newassist,他の騎空士と協力しようぜ！ ,和其他的騎空士一起合力戰鬥吧！ ,
/quest/content/newassist,バトル一覧,戰鬥一覽,2
/quest/content/newassist,未確認バトル一覧,未結算的戰鬥,
/quest/content/newassist,バトル履歴,戰鬥日誌,
/quest/content/newassist,參戦IDを入力してマルチバトルに<br>參戦します。 ,輸入多人戰的參戰ID<br>即刻參戰,
/quest/content/newassist,IDは大文字と小文字を區別しません。 ,ID的字母不用區分大小寫。 ,
/quest/content/newassist,參加する,加入戰鬥,
/quest/content/newassist,未確認バトルの確認期限は、バトル終了から1週間経過後の最初の土曜日までとなります。 ,未結算的戰鬥截止日期為戰鬥結束一周後的第一個星期六。 ,
/quest/content/newassist,期限を過ぎると、確認及び報酬の受け取りができなくなりますのでご注意ください。 ,請注意，截止日期後您將無法結算戰鬥和獲取獎勵。 ,
/quest/content/newassist,見に行こうぜぇー！ ,快去看看吧！ ,
/quest/content/newassist,強敵を倒したみたいだな！ ,又有強敵被打倒啦！ ,
/quest/content/newassist,見に行こうぜ！ ,去看看吧！ ,
/quest/content/newassist,參加できるマルチバトルは,可以參加的多人戰鬥,
/quest/content/newassist,一覧で表示されるぜ！ ,在這裡一覽顯示！ ,
/quest/content/newassist,未確認バトルが5件以上殘っている場合、クエストの開始・マルチバトルへの參加ができなくなります。 ,如果積累了5場或更多未結算的戰鬥，你將無法發起任務或參加多人戰。 ,
/quest/content/newassist,マルチバトル一覧,多人戰列表,2
/quest/content/newassist,「四象降臨」へ,返回「四象降臨」,
/quest/content/newassist,を開始するには<%= point_name %>が<%= quest_ap - sp %>足りません。 ,需要<%= quest_ap - sp %><%= point_name %>來開始。 ,
/quest/content/newassist,アイテムを使用して<%= point_name %>を回復しますか？ ,使用道具恢復<%= point_name %>？ ,
/quest/content/newassist,<span class='txt-request-name'><%= n.attributes.called_user_name %></span>からの救援依頼,來自<span class='txt-request-name' ><%= n.attributes.called_user_name %></span>的救援請求,
/quest/content/newassist,<span class='txt-request-name'><%= raid['called_user_name'] %></span>さんからの救援依頼,來自<span class='txt-request- name'><%= raid['called_user_name'] %></span>的救援請求,
/quest/content/newassist,イベントストーリーを開始することで<br>マルチバトルに參加できるようになります。 ,開始活動劇情后即可參加多人戰鬥,
/quest/content/newassist,參加できるイベントマルチバトルはありません,沒有可以加入的活動多人戰,
/quest/content/newassist,クエストへ,回到任務,2
/quest/content/newassist,イベントマルチバトルは、イベントクエストを進めていくと発生します,活動多人戰會在推進活動任務後出現,
/quest/content/newassist,參加條件を満たしていない場合、この一覧には表示されません,如果不符合參與條件，則不會出現在此列表中,2
/quest/content/newassist,參加できるマルチバトルはありません。 ,沒有可以加入的多人戰,
/quest/content/newassist,マルチバトルは、クエストを進めていくと発生します,多人戰會在推進任務後出現,
/quest/content/newassist,イベントマルチバトルの救援依頼を表示するか顯示<br>どうかそれぞれ設定することができます,可以設置是否顯示活動多人戰的救援請求,2
/quest/content,クエストリストへ,返回任務列表,
/archive/content/story,メインシナリオ,主線劇情,2
/quest/content/supporter_raid,サポーター召喚石選択,選擇支援召喚石,
/user/content/index,で認証中,已認證,2
/user/content/index,テキスト入力,輸入內容,2
/user/content/index,下記文言を含めてTwitterに投稿されます,以下文字也會一起發佈到Twitter,2
/user/content/index,投稿に失敗しました。 <br>もう一度投稿するか、<br>再度認証を行ってください。 ,發布失敗，<br>再次發布，<br>或者重新進行身份驗證,
/user/content/index,アイテムはアイテム一覧に送られました。 ,道具已發送到道具列表。 ,
/user/content/index,騎空団サポート,騎空團支援效果,
/user/content/index,殘り時間,剩餘時間,2
/user/content/index,よろず屋サポート,萬事屋支援效果,
/user/content/index,下記の騎空団サポート効果が終了しました。 ,以下騎空團支援效果已結束。 ,
/user/content/index,下記のよろず屋サポート効果が終了しました。 ,以下萬事屋支援效果已結束,
/user/content/index,稱號を獲得しました。 ,獲得了新的稱號,
/user/content/index,"カジノを遊ぶためには<br>
メインクエスト第8章「鉄の巨人」<br>
をクリアする必要があります。 ",前往賭場需要通關<br>主線任務第8章「鐵巨人」。 ,
/user/content/index,武勲の輝き,武勳之輝光,
/user/content/index,デイリー,每日,
/user/content/index,ウィークリー,每週,3
/user/content/index,累計,累計,3
/user/content/index,栄譽の輝き,榮譽之輝光,
/user/content/index,騎空団ボーナス,騎空團獎勵,
/user/content/index,アーカルムポイント,塔羅牌點數,
/lobby/content/room,初回消費なし,初次無消耗,3
/lobby/content/room,あと<%= can_quest_start_count %>回挑戦します（全<%= max_quest_start_count %>回）,還剩<%= can_quest_start_count %>回挑戰（一共<%= max_quest_start_count %>回）,
/lobby/content/room,このクエストに挑戦します。 ,準備挑戰這個任務,2
/lobby/content/room,マルチバトルの難易度を選択してください,請選擇多人戰的難度級別,
/lobby/content/room,を選択してください,請選擇,
/lobby/content/room,サポーターを選択してください。 ,請選擇支援召喚石,3
/lobby/content/room,サポーターに選択できるメンバーがいません。 ,沒有可供選擇召喚石的成員,2
/lobby/content/room,<%= set_user.name %> Rank <%= set_user.rank %> が選択,<%= set_user.name %> Rank <%= set_user.rank %> 選擇任務,2
/lobby/content/room,募集Rankやコメントを変更できます,可以更改等級限制和房間簡介,
/lobby/content/room,Rank制限なし,無Rank限制,3
/lobby/content/room,ルームID,房間ID,
/lobby/content/room,募集リスト,募集列表,
/lobby/content/room,掲載しない,隱藏,
/lobby/content/room,掲載する,顯示,
/lobby/content/room,ボタンを押すとすぐに反映されます,按下按鈕後會立即生效,
/lobby/content/room,メンバーが定員に達しているため掲載できません,房間已滿，無法顯示到募集列表,
/lobby/content/room,LINEに投稿する,發佈到LINE,
/lobby/content/room,Twitterに投稿する,發佈到Twitter,
/lobby/content/room_,ルーム情報の変更,更改房間信息,
/lobby/content/room_,マルチバトルで募集する仲間の條件と、<br>コメント(24文字以內)を入力してください。 ,請選擇招募隊友的條件<br>此外你還可以輸入一段房間簡介(24字以內)。 ,
/lobby/content/room_,入力した內容でマルチバトルの仲間を募集します。 ,根據輸入的內容來招募多人戰隊友,
/lobby/content/room_,マルチバトル選択,多人戰選擇,
/lobby/content/room_,NORMALのルームではHIGH LEVELの<br>クエストは選べません。 HIGH LEVELのルームでは<br>HIGH LEVEL以外のクエストは選べません。 ,在NORMAL房間裡無法選擇<br>HIGH LEVEL任務。在HIGH LEVEL房間裡<br>無法選擇HIGH LEVEL以外的任務,
/lobby/content/room_,募集Rank,募集Rank,
/lobby/content/room_,制限なし,無限制,3
/lobby/content/room_,誰でもOK,誰都可以,2
/lobby/content/room_,フレンド限定,好友限定,2
/lobby/content/room_,騎空団員限定,騎空團員限定,2
/lobby/content/room_,連続クエスト設定,連續戰鬥設定,2
/lobby/content/room_,設定なし,未設定,2
/lobby/content/room_,參戦人數,參戰人數,
/lobby/content/room_,人までのマルチバトル,人的多人戰鬥,11
/lobby/content/room_,ルーム作成後は參戦人數を減らせません。 ,房間創建後無法降低參戰人數,2
/lobby/content/room_,バトル開始承認,開始戰鬥的確認,
/lobby/content/room_,承認あり,需要確認,2
/lobby/content/room_,承認なし,不用確認,2
/lobby/content/room_,コメント,描述,
/lobby/content/room_,24文字以內で入力してください。 ,請輸入24字以內的簡介,
/lobby/content/room_,募集の投稿・掲載,募集的投稿・發布,
/coopraid/content/offer,ルームIDを入力、または、募集リストから<br>參加したい募集を選択してください。 ,請輸入房間ID或者從募集列表裡<br>選擇你想要加入的房間。 ,
/coopraid/content/offer,ルームID入力,輸入房間ID,
/coopraid/content/offer,ルームIDを入力してルームに參加します。 ,輸入房間ID即可加入。 ,
/coopraid/content/offer,IDは大文字と小文字を區別しません。 ,ID的字母不用區分大小寫。 ,
/coopraid/content/offer,參加する,參加,
/coopraid/content/offer,募集リスト,募集列表,
/coopraid/content/offer,募集數 <span class='txt-count'></span>件,房間數 <span class='txt-count'></span>,
/coopraid/content/offer,共闘TOP,共鬥TOP,
/coopraid/content/offer,誰でもOK,誰都可以,2
/coopraid/content/offer,デイリーミッション,每日任務,2
/coopraid/content/offer,自分のフレンドの募集,來自好友的募集,2
/coopraid/content/offer,同じ騎空団員の募集,來自騎空團的募集,2
/coopraid/content/offer,パンデモニウム,伏魔殿,2
/coopraid/content/offer,ドロップ狙い,掉落為主,2
/coopraid/content/offer,條件に一致する募集がありません。 ,沒有符合條件的房間。 ,
/coopraid/content/offer,クエスト設定者がバトルを開始すると<br>ルームメンバーも自動的にバトルに參戦します,當任務設定者開始戰鬥時，房間成員自動加入戰鬥,2
/coopraid/content/offer,この募集に參加します。 ,加入這個房間,2
/coopraid/content/offer,參加條件を満たしていないため、<br>參加できません。 ,因不滿足加入的條件<br>無法加入房間,2
/coopraid/content/offer,マルチバトル難易度,多人戰難度,
/coopraid/content/offer,募集対象,募集對象,
/coopraid/content/offer,フレンド限定,好友限定,
/coopraid/content/offer,騎空団員限定,騎空団員限定,
/coopraid/content/offer,連続クエスト設定,連續戰鬥設定,
/coopraid/content/offer,連続設定あり,有連續設定,
/coopraid/content/offer,連続設定なし,無連續設定,
/coopraid/content/offer,參戦人數,參戰人數,
/coopraid/content/offer,30人まで,最多30人,
/coopraid/content/offer,18人まで,最多18人,
/coopraid/content/offer,6人まで,最多6人,
/coopraid/content/offer,開始前に全員がトレジャーとAPを消費して、<br>メンバーの數だけクエストを行います,開始前所有人都會消耗AP和門票，<br>任務進行次數為房間總人數,
/coopraid/content/offer,バトル開始承認,開始戰鬥的確認,
/coopraid/content/offer,承認あり,需要確認,
/coopraid/content/offer,承認なし,不用確認,
/arcarum/content/stage,アーカルムの転世TOPへ,返回塔羅首頁,
/arcarum/content/stage,この場所に移動します,移動到這個地點,3
/arcarum/content/stage,TPが0のため移動できません,TP為0無法繼續前進了,2
/arcarum/content/stage,移動する,移動,4
/arcarum/content/stage,セフィラの封門石,塞菲拉封門石,7
/arcarum/content/stage,結界が奧地への進行を阻んでいる,結界阻止你繼續向深處前進,
/arcarum/content/stage,アクイラ・キーストーン,阿奎拉鑰石,7
/arcarum/content/stage,星導の天球儀,星導天球儀,
/arcarum/content/stage,挑戦するアーカルムシリーズを変更できます。 ,可以變更想要挑戰的塔羅系列BOSS,
/arcarum/content/stage,この場所には何もないようだ,這裡好像什麼都沒有,
/arcarum/content/stage,以下のアイテムを入手しました。 ,獲得了以下道具。 ,
/arcarum/content/stage,ステータス効果,狀態效果,
/arcarum/content/stage,ステータス効果が発動！ ,發動狀態效果！ ,
/arcarum/content/stage,以下のステージ効果が解除されました。 ,以下關卡效果已解除。 ,
/arcarum/content/stage,キャラの編成製限,編隊可選角色受限,
/arcarum/content/stage,不思議な力で封鎖されている,受到神秘力量的阻擋,
/arcarum/content/stage,使用するアイテムを選択してください,請選擇要使用的道具,
/arcarum/content/stage,アイテムの効果は探索終了まで持続します,道具的效果將持續到探索結束,2
/arcarum/content/stage,強化アイテム,強化道具,
/arcarum/content/stage,所持して<br>いません,未持有這<br>種道具,2
/arcarum/content/stage,回復アイテム,回復道具,
/arcarum/content/stage,を使用します,已使用,
/arcarum/content/stage,の効果が発動中のため<br>使用できません,的效果已存在<br>無法再使用了,
/arcarum/content/stage,TPを消費してアクイラ・キーストーンを<br>破壊しますか？ ,,2
/arcarum/content/stage,星導の天球儀を使用して、<br>挑戦するアーカルムシリーズを変更します。 ,使用星導天球儀，<br>變更挑戰的塔羅BOSS。 ,
/arcarum/content/stage,挑戦するアーカルムシリーズを選択してください,請選擇想要挑戰的塔羅BOSS,
/arcarum/content/stage,所持數が不足しています,持有數量不足,
/arcarum/content/stage,挑戦するアーカルムシリーズを変更します。 ,變更將要挑戰的塔羅BOSS,
/arcarum/content/stage,アイテムを使用してアーカルムシリーズを変更した場合、討伐するまで同じ敵が出現します,使用道具變更了想要挑戰的塔羅BOSS的場合，在討伐完畢前同一個敵人會持續出現,
/arcarum/content/stage,再度アイテムを使用して変更することが可能です,可再次使用道具進行變更,
/arcarum/content/stage,挑戦するアーカルムシリーズを変更しました。 ,已變更將要挑戰的塔羅BOSS,
/arcarum/content/stage,チェックポイントに到達しました。 <br><br>進行狀況を記録して探索を終了し、<br>アーカルムTOPへ戻りますか？ ,已到達存檔點。 <br><br>要記錄進度後結束探索，<br>回到塔羅首頁嗎？ ,
/arcarum/content/stage,TPが不足しているためクエストを<br>開始できません。 ,因TP不足無法開始任務,
/arcarum/content/stage,探索を終了しますか,要結束探索嗎,
/arcarum/content/stage,探索を終了した場合、チェックポイント以降の<br>進行狀況は保存されません。 ,如選擇結束探索，存檔點之後的進度將不會被保存。 ,
/arcarum/content/stage,本當に探索を終了しますか,確定要結束探索嗎,
/arcarum/content/stage,既にアイテム「<%= contents[0].higher_order_info.from_name %>」の<br>効果が発動しているため<br>「<%= contents[0].name %> 」の効果は発動しませんでした,物品「<%= contents[0].higher_order_info.from_name %>」的<br>效果已經生效了，<br>所以「<%= contents[0].name % >」的效果無法生效,
/shop_exchange/content/list,>交換可能,>可以交換,2
/shop_exchange/content/list,回復アイテム,回復道具,2
/shop_exchange/content/list,育成アイテム,育成道具,
/shop_exchange/content/list,EXLB解放アイテム,EXLB解放道具,
/shop_exchange/content/list,共闘クエスト専用アイテム,共鬥任務專用道具,
/shop_exchange/content/list,>召喚石,>召喚石,2
/shop_exchange/content/list,闇屬性武器,暗屬性武器,
/shop_exchange/content/list,風屬性武器,風屬性武器,
/shop_exchange/content/list,コスモスシリーズ,宇宙系列武器,
/shop_exchange/content/list,ローズシリーズ,玫瑰系列武器,
/shop_exchange/content/list,プライマルシリーズ,原始系列武器,
/shop_exchange/content/list,エピックウェポン,史詩武器,
/shop_exchange/content/list,>最近交換したアイテム,>最近交換過的道具,
/shop_exchange/content/list,ジーン,晶,
/shop_exchange/content/list,ダマスカス関連アイテム,黑鋼相關道具,
/shop_exchange/content/list,ローズクリスタル,玫瑰水晶,
/shop_exchange/content/list,邂逅、黒銀の翼,邂逅、黑銀之翼,
/shop_exchange/content/list,降臨、調停の翼,降臨、調停之翼,
/shop_exchange/content/list,神撃、究極の竜,神擊、究極之龍,
/shop_exchange/content/list,マグナアニマ,瑪格納精魄,
/shop_exchange/content/list,六竜討伐戦,六龍討伐戰,
/shop_exchange/content/list,四象降臨,四象降臨,
/shop_exchange/content/list,究竟の証,究竟之證,
/shop_exchange/content/list,アーカルムの契約者,阿爾卡那的契約者,
/shop_exchange/content/list,窮極への道,通往究極之路,
/shop_exchange/content/list,ショップTOPへ,返回商店首頁,
/shop_exchange/content/list,一覧に戻る,回到一覽表,
/shop_exchange/content/list,制限なし,無限制,2
/shop/content/index,いらっしゃ～い！　旅支度はシェロちゃんにお任せ～！ ,歡迎光臨～！　旅行的準備就交給我榭洛醬吧～！ ,
/item/content/index,アイテム,道具,6
/item/content/index,空図の欠片,空圖碎片,
/item/content/index,大事なもの,寶物,4
/item/content/index,ショップへ,去商店,
/profile/content/index,"<div class=""prt-talk-title"">挨拶</div>",<div class=prt-talk-title>留言</div>,
/profile/content/index,ステータス,狀態,
/profile/content/index,ポイント,點數,2
/profile/content/index,フレンド,好友,2
/profile/content/index,仲間キャラ,同伴,2
/profile/content/index,サポーター専用,支援專用,
/profile/content/index,召喚石,召喚石,10
/profile/content/index,推しキャラ,喜歡的角色,
/profile/content/index,コメントが設定されていません,還沒有填寫任何備註,
/profile/content/index,アチーブメント,成就,2
/quest/content/newextra,素材クエスト,材料任務,
/quest/content/newextra,クエストリストに戻る,返回任務列表,
/quest/content/newextra,何だかスゲェお寶のニオイがするぜ,好像有不得了的寶物呢,
/quest/content/newextra,腕試しにチャレンジしてみようぜぇー,去挑戰一下看看吧,
/archive/content/top,旅の記録をつけてるんですよ～<br>フフッ,我做了旅行的記錄哦～<br>呵呵,
/archive/content/top,いろんなことがありましたね！ <br>これからはどんな事が起きるかな～,過去發生了很多事情呢！ <br>將來還會發生什麼樣的事呢～,
/archive/content/top,私のノート！見たいですか？ ,我的日記！你想看嗎？ ,
/archive/content/top,カタリナに頼まれて武器のことも<br>記録してるんです。結構おもしろいです！ ,卡塔莉娜還拜託我做了武器的記錄。很有趣哦！ ,
/friend/content/index,フレンド,好友,
/friend/content/index,申請中,申請中,
/friend/content/index,フレンド検索,好友搜索,
/friend/content/index,未承認,未接受,
/user/content/index,イベント・キャンペーン,活動,
/user/content/index,お知らせ・アップデート,公告・更新,
/result,アイテム,道具,19
/result,経験値,經驗值,9
/result,獲得,獲得,51
/result,ポイント,點數,10
/result,リサイクル化,裝備回收,
/result,売卻,出售,14
/result,強化,強化,12
/result,騎空艇,騎空艇,5
/result,総貢獻度,總貢獻度,3
/result,総ダメージ,總傷害,4
/result,獲得アイテムはありません,無掉落,
/result,獲得アイテムが各種自動設定に使用されました,獲得的道具會被各種自動設定所使用,
/result,四象の輝き,四象之輝光,3
/result,｢四象の輝き｣の所持上限に達しているため<br>｢四象の輝き｣を獲得することができませんでした。 ,｢四象輝光｣點數已達持有上限<br>因此無法再繼續獲得｢四象輝光｣點數了,4
/result,參戦タイミングボーナス,參戰時限獎勵,2
/result,貢獻度ボーナス,貢獻度獎勵,
/result,輝きボーナスタイム,輝光獎勵時間,
/result,合計,合計,4
/result,クリアボーナス,通關獎勵,2
/result,獲得ルピ,獲得盧比,2
/result,これ以上ルピを獲得できません,無法再獲得盧比了,
/result,以下のアイテムを売卻しました,出售了以下的道具,
/result,以下のアイテムを使用しました,使用了以下的道具,
/result,クエストクリア時に獲得した武器・召喚石を自動的に売卻するか、騎空艇の強化ができます,任務完成時獲得的武器・召喚石可以自動出售或用於騎空艇強化,
/result,売卻と強化を併用することはできません,出售和強化不能同時使用,2
/result,武器の自動売卻・強化設定,武器的自動出售・強化設定,
/result,武器の売卻,武器的出售,
/result,自動売卻する,自動出售,2
/result,騎空艇の強化,騎空艇的強化,
/result,自動強化する,自動強化,
/result,召喚石の自動売卻設定,召喚石的自動出售設定,
/result,召喚石の売卻,召喚石的出售,
/result,條件を設定してください,請進行條件的設定,
/result,レアリティ,稀有度,
/result,ノーマルのみ,只有 N,2
/result,レアを含む,包括 R,
/result,スキルありを含む,帶有技能,2
/result,エンジェルを含む,強化專用素材,
/result,個作成されました,個已合成,2
/result,アイテムが所持上限に達しています,道具持有數已達上限,2
/result,アイテムが所持<br>上限に達しています,道具持有數<br>已達上限,
/result,以下の裝備をリサイクル化に使用しました,以下裝備已被回收,
/result,クエストクリア時に獲得した裝備を自動的にリサイクル化、売卻、騎空艇の強化ができます,任務完成時獲得的裝備可以自動回收出售或用於騎空艇強化,
/result,裝備は先にリサイクル化へ使用されます,裝備的回收會優先生效,
/result,リサイクル化自動設定,自動回收的設定,
/result,武器の所持數,武器持有數量,
/result,召喚石の所持數,召喚石持有數量,
/result,このバトルで獲得できる報酬はありません,這場戰鬥沒有可以獲取的獎勵,
/result,クエストリストへ,返回任務列表,
/result,この設定をすることで、獲得した裝備を<br>自動的に売卻、または騎空艇強化に使用できます,這個按鈕的設置可以讓你在獲得<br>裝備時自動出售或強化騎空艇,
/result,リサイクル化に使用する裝備を選択してください,請選擇用於回收的裝備,
/result,ボーナス値やスキル付きの裝備は使用されません,不會使用帶有技能的武器和帶有加號的裝備,
/party/content/list_subaction,アビリティを選択してください,請選擇技能,
/party/content/list_subaction,EXアビリティ解除,EX技能解除,
/party/content/list_subaction,ジョブTOPに戻る,返回職業詳情,
/party/content/list_subaction,全てのアビリティ,所有技能,
/party/content/list_subaction,ダメージアビリティ,傷害技能,
/party/content/list_subaction,強化アビリティ,強化技能,
/party/content/list_subaction,弱體アビリティ,弱化技能,
/party/content/list_subaction,回復アビリティ,回复技能,
/party/content/list_subaction,リミットアビリティ,限定技能,
/party/content/list_subaction,ベースアビリティ,基礎技能,
/quest/content/scene,このお話のあらすじ,這一節的故事梗概,
/content/detail,メイン裝備時,主召喚時,
/content/detail,サブ裝備時,副召喚時,
/content/detail,サポーター選択時,支援選擇時,
/content/detail,サブメンバー時,作為後備時,
/content/detail,バトル登場時,戰鬥登場時,
/archive/content/detail,ステータス,屬性,
/archive/content/detail,関連キャラクター,關聯角色,99
/archive/content/detail,エピソード解放率,劇情解放率,
/archive/content/detail,エピソード,劇情,99
/archive/content/detail,関連ストーリー,關聯的故事,99
/archive/content/detail,フェイトエピソード,個人劇情,
/content/detail,"<div class=""prt-title"">アビリティ</div>",<div class=prt-title>技能</div>,
/detail/content/detail,トライアルキャラでは使用できないアビリティです,不能與試用角色一起使用的技能,5
/detail/content/detail,発生條件,開始條件,4
/detail/content/detail,LB取得でClassUP,LB獲得ClassUP,
/detail/content/detail,習得クエストへ,解鎖任務,8
/content/detail,サポートアビリティ,被動技能,
/detail/content/detail,倉庫に預ける,存入倉庫,2
/detail/content/detail,エレメント化,分解,3
/detail/content/detail,スキン・POSE切り替え設定,皮膚・POSE切換設置,3
/detail/content/detail,保護を解除する,解除保護,
/detail/content/detail,保護する,保護,
/detail/content/detail,推しキャラに設定する,設置成喜歡的角色,
/detail/content/detail,推しキャラ設定を外す,取消喜歡的角色,
/detail/content/detail,おまかせ編成の対象から除外,從自動編成的對象裡排除,
/detail/content/detail,おまかせ編成の対象に含める,包含到自動編成的對象裡,
/content,閉じる,關閉,15
/content,撤退する,撤退,15
raid/,使用制限數に達しているため,因達到使用次數上限,
raid/,これ以上エリクシールを使用できません,無法再使用複活藥水了,
raid/,エリクシールがありません,沒有復活藥水,
raid/,エリクシールを使うと、奧義ゲージが最大の<br>狀態でキャラが復活し、バトルを続行できます,使用複活藥水，角色會以滿奧義的<br>狀態復活，戰鬥會將會繼續進行,
raid/,ショップへ,去商店,
raid/,寶晶石で交換,交換寶晶石,
raid/,使用するアイテムを選択してください,選擇要使用的道具,3
raid/,エリクシール,復活藥水,5
raid/,防戦アイテム,防戰道具,
raid/,古戦場専用アイテム,古戰場專用道具,
raid/,共闘クエスト専用アイテム,共鬥任務專用道具,
raid/,回復するメンバーをタッチしてください,請選擇要恢復的隊員,
raid/,戦闘に參加しているメンバー全員が<br>回復します,戰鬥中的隊員都將恢復,
raid/,マイページに戻りますか,回到主頁,2
raid/,タッチするとオートアタックが有効になります,通過點擊屏幕可以在自動和手動攻擊模式中切換,
raid/,このバトルはいつでも再開できます,你可以隨時返回這場戰鬥,
raid/,他のクエストを実行する場合、このバトルに,如果想進行其他任務,
raid/,勝利または撤退する必要があります,則需要獲得勝利或撤退,
raid/,アビリティ使用,使用技能,
raid/,キャラクターを選択してください,請選擇一個角色,
raid/,バトルメンバー,戰鬥隊員,
raid/,サブメンバー,後備隊員,
raid/,発動,發動,2
raid/,で認証中,已認證,2
raid/,テキスト入力,輸入文字,2
raid/,下記文言を含めてTwitterに投稿されます,以下文字也會一起發佈到Twitter,2
raid/,最近使ったスタンプ,最近使用的表情,2
raid/,參戦IDを入力してもらう、または,輸入參戰ID或者,
raid/,救援依頼を出すと、複數人でバトルが行えます,發送救援請求，就可以多人一起戰鬥,2
raid/,救援依頼を出す場合は対象を選択してください,發送救援請求時請選擇要邀請的對象,
raid/,マルチバトルでは,在多人戰斗里,
raid/,他プレイヤーに救援依頼することで,你可以邀請其他玩家,
raid/,救援依頼の対象を選択してください,請選擇要求救援的對象,
raid/,Twitterに參戦IDを投稿,在Twitter上發布參戰ID,
raid/,救援依頼対象は選択できません,這裡無法挑選參與戰鬥的對象,
raid/,撤退すると報酬は受け取れません,撤退後無法獲得報酬,
raid/,撤退するとこのバトルには<br>もう參加する事ができません,一旦選擇撤退<br>就無法再加入這個戰鬥了,
raid/,マイページへ,回主頁,2
raid/,チャットを送信することで,通過發送信息,
raid/,オールポーションが1個手に入ります,可以獲得一個群體回复藥水,
raid/,表示オプション,顯示選項,
raid/,バトルスピード,戰鬥速度,
raid/,早送り,快進,
raid/,召喚再生スピード,召喚動畫速度,
raid/,リアルタイム通知設定,實時通知設置,
raid/,參戦者アビリティ通知設定,參戰者技能通知設置,
raid/,設定を反映する,讓設置生效,3
raid/,救援依頼ウィンドウの表示スキップ,跳過救援請求彈窗,
raid/,「ON」設定の場合、マルチバトル開始時に救援依頼ウィンドウの表示がスキップされます,設置為「ON」時，多人戰開始時的彈窗會被跳過,
raid/,參戦者の救援依頼,參戰者的救援請求,3
raid/,自分が発見したマルチバトルにおいて、參戦者が救援依頼を出せるかどうか設定できます,你可以設置自己發起的多人戰斗里，其他玩家是否可以發送救援請求,
raid/,「OFF」設定の場合、自分が発見したマルチバトルにおいて、參戦者は救援依頼を出すことはできません,設置為「OFF」時，自己發起的多人戰鬥中，其他玩家將無法發送救援請求,
raid/,ボイススタンプ設定,有聲表情設置,
raid/,マルチバトルにおいて、ボイス対応スタンプを送信・または受信した際の、ご利用の端末での音聲再生の有無を設定できます,多人戰中可以設置在發送或接收有聲表情時，是否播放聲音,
raid/,音聲を再生する,播放聲音,
raid/,マルチバトルでの表示,多人戰的顯示,
raid/,マルチバトルにおける他のプレイヤーのスタンプの表示の有無を設定できます,可以設置在多人戰中是否顯示其他玩家的表情,
raid/,スタンプを表示,顯示表情,
raid/,召喚石情報,召喚石信息,
/teamraidteaser,決戦！星の古戦場,決戰！星之古戰場,
/teamraidteaser,前回古戦場予選騎空団ランキング,上次古戰場預選的騎空團排名,
/teamraidteaser,古戦場のバトルBGMやTOP背景を変更できます,可以更換古戰場的戰鬥BGM和TOP背景,
/teamraidteaser,予選バトル,預選戰,
/teamraidteaser,予選集計結果,預選結果計算,
/teamraidteaser,インターバル,休息時間,
/teamraidteaser,本戦バトル,本戰,
/teamraidteaser,スペシャルバトル,特殊戰,
/teamraidteaser,開催スケジュール,活動日程表,
/teamraidteaser,プロローグ,序幕,
/teamraidteaser,前回からの変更點,自上次以來的變動,
/coopraid/content/index,マルチバトル,多人戰,5
/coopraid/content/index,共闘,共鬥,2
/coopraid/content/index,マイページ,回到主頁,2
/quest/content,フェイトエピソード一覧,個人劇情一覽,
/quest/content/newfate,たまには寄り道もイイかもなぁ,偶爾換條路走走也不錯哦,
/quest/content/newfate,意外な発見があるんじゃねーか,說不定會有什麼新發現呢,
/quest/content/newfate,SSレア,SSR,2
/quest/content/newfate,Sレア,SR,4
/quest/content/newfate,レア,R,4
/quest/content/newfate,クエストリストに戻る,返回任務列表,
/guild_main,騎空団チャットログ,騎空團聊天記錄,
/guild_main,団長,團長,3
/guild_main,アサルトタイム,AT時間,3
/guild_main,時間帯,時間段,3
/guild_main,時間帯は団長、副団長のみ変更できます,時間段只能由團長、副團長修改,
/guild_main,イベント中、1回のみ変更できます,在活動中只能變更一次,
/guild_main,アサルトタイムについて,關於AT時間,
/guild_main,記録,記錄,
/guild_main,役職,職務,
/guild_main,合計寄付ルピ,盧比捐贈總額,
/guild_main,記録,記錄,
/advent/top,四象を討伐して水晶を輝かせよう,通過四象的討伐讓水晶閃耀,
/advent/top,輝きを解き放ち星晶獣を出現させよう,,
/advent/top,水晶は靜かに佇んでいる,水晶安靜地佇立於此,
/advent/top,水晶は沈黙を保っている,水晶保持著沉默,
/advent/top,水晶から微かな力を感じる,水晶有力量隱隱傳出,
/advent/top,水晶が微かな光を燈した,水晶之中微光閃爍,
/advent/top,水晶に光が燈っている,水晶開始發光,
/advent/top,水晶が淡い光を放っている,水晶散發出淡淡的光芒,
/advent/top,水晶が強い光を放っている,水晶散發著強烈的光芒,
/advent/top,水晶が輝きだした,水晶正在閃耀,
/advent/top,水晶の放つ輝きが強くなった,水晶閃耀著強烈的光芒,
/advent/top,水晶が眩い輝きを放っている,水晶閃耀著炫目的光芒,
/advent/top,水晶は神々しく光り輝いている,水晶綻放著神一般的光彩,
/advent/top,バトル,戰鬥,20
/advent/top,四象降臨,四象降臨,2
/treasureraid,オープニングをもう一度見る,再看一遍序章,
/treasureraid,一覧を開く,打開列表,3
/treasureraid,イベントスキップ設定,跳過劇情,
/treasureraid,進行狀況,活動進度,
/treasureraid,ガチャの中身を確認,查看當前戰貨池,
/treasureraid,戦貨ガチャでは3回目まで,在抽取戰貨池時，前3次抽到,
/treasureraid,を入手した場合、即時リセットを行うことができます,後可以立刻進行重置,
/treasureraid,4回目以降のリセットは、ボックスの中身を引ききった場合に限り、リセットを行うことが可能となります,從第4次開始只有抽空池子後才能重置戰貨池,
/treasureraid,ボックスのリセットについて,關於戰貨池的重置,
/treasureraid,ボックスのリセットが可能です。 ,戰貨池現在可以重置,
/treasureraid,リセットする,重置戰貨池,
/treasureraid,ボックスの切り替えについて,關於戰貨池的更替,
/treasureraid,ボックスをリセットするとボックスの中身が変化します,重置戰貨池後，池內道具也會變化,
/treasureraid,現在は,現在是第,
/treasureraid,回目のボックスです,次的戰貨池,
/treasureraid,1回目の中身,第1池所含的道具,
/treasureraid,2回目の中身,第2池所含的道具,
/treasureraid,3回目の中身,第3池所含的道具,
/treasureraid,4回目の中身,第4池所含的道具,
/treasureraid,回目以降の中身,池以後的道具,3
/teamraid,決戦！星の古戦場,決戰！星之古戰場,
/teamraid,活動期間中一度だけ天星器を変更可能です,活動期間可以最多更換一次選擇的天星器,
/teamraid,天星器を変更する,更換天星器,
/teamraid,ガチャの中身を確認,查看當前戰貨池,
/teamraid,戦貨ガチャでは4回目まで,在抽取戰貨池時，前3次抽到,
/teamraid,を入手した場合、即時リセットを行うことができます,後可以立刻進行重置,
/teamraid,5回目以降のリセットは、ボックスの中身を引ききった場合に限り、リセットを行うことが可能となります,從第4次開始只有抽空池子後才能重置戰貨池,
/teamraid,ボックスのリセットについて,關於戰貨池的重置,
/teamraid,ボックスのリセットが可能です。 ,戰貨池現在可以重置,
/teamraid,リセットする,重置戰貨池,
/teamraid,ボックスの切り替えについて,關於戰貨池的更替,
/teamraid,ボックスをリセットするとボックスの中身が変化します,重置戰貨池後，池內道具也會變化,
/teamraid,現在は,現在是第,
/teamraid,回目のボックスです,次的戰貨池,
/teamraid,1回目の中身,第1池所含的道具,
/teamraid,2回目の中身,第2池所含的道具,
/teamraid,3回目の中身,第3池所含的道具,
/teamraid,4回目の中身,第4池所含的道具,
/teamraid,回目以降の中身,池以後的道具,3
/setting,フレンド申請設定,好友申請設置,
/setting,フレンド申請受付,接受好友申請,
/setting,フレンド申請の受付について設定します,設置是否接受好友申請,
/setting,受け付ける,接受,
/setting,フレンド申請,好友申請,
/setting,クエストのリザルト畫面において、フレンド申請を行います,在戰鬥結算畫面提出好友申請,
/setting,フレンド申請を行う,提出好友申請,
/setting,公開設定,公開設置,
/setting,プロフィール,個人資料,
/setting,全體に公開,對全體公開,
/setting,フレンドと騎空団に公開,對好友和騎空團公開,
/setting,フレンドにのみ公開,只對好友公開,
/setting,プロフィールの公開設定を「フレンドのみ」または「フレンドと騎空団」に設定している場合、以下の項目で「全體」を選択することはできません,個人資料的顯示設置為“僅向好友公開”或“向好友和騎空團公開”的場合，以下項目都無法選擇“全體”。 ,
/setting,挨拶,留言,
/setting,非公開,不公開,6
/setting,フレンド,僅好友,6
/setting,サポーター召喚石,好友召喚石,
/setting,推しキャラ,喜歡的角色,
/setting,屬性強化スキルレベル公開,屬性強化等級,
/setting,アビリティレール,技能隊列,
/setting,アビリティレールの表示を設定します,設置技能隊列的表示方法,
/setting,ターン処理待機設定,回合處理待機設定,
/setting,直前のターン処理中にアビリティレールを使用可能にします,在處理直前回合時允許使用技能隊列,
/setting,アビリティ効果表示設定,技能效果表示設置,
/setting,アビリティ効果のウインドウのサイズを変更します,變更技能效果的窗口大小,
/setting,バトルスピード,戰鬥速度,
/setting,バトル演出の速度を設定します,設置戰鬥演出的速度,
/setting,バトルスピードを上げると、演出がスキップされる場合があります,加快戰鬥速度會導致跳過演出,
/setting,標準,標準,5
/setting,早送り,快進,
/setting,召喚再生スピード,召喚播放速度,
/setting,フルスクリーン召喚演出の再生速度を設定します,設置全屏召喚的演出播放速度,
/setting,フルスクリーン以外の召喚演出速度は変わりません,全屏以外的召喚演出速度不會變化,
/setting,演出中のボタン表示設定,演出中的按鈕顯示設置,
/setting,バトルにおいて、攻撃や召喚などの演出中に表示されるチャットボタンとスタンプボタンの表示方法を設定します,設置戰鬥中攻擊及召喚演出時周圍顯示的聊天按鈕和表情按鈕的表示方法,
/setting,AUTOボタン設定,AUTO按鈕設置,
/setting,バトル中に表示されるAUTOボタンを切り替えます,切換戰鬥中表示出來的AUTO按鈕,
/setting,フルオートでは攻撃／アビリティ使用を自動で行います,選擇FULLAUTO時會自動使用攻擊/技能,
/setting,詳しくはHELPを確認してください,詳細內容請確認HELP內容,
/setting,設定を変更すると全てのクエストに対して設定が適用されます,變更設定後會適用到所有任務中,
/setting,フル,FULL,
/setting,マルチバトル設定,多人戰鬥設置,
/setting,リアルタイム通知,實時通知,
/setting,他プレイヤーのダメージやアビリティ効果、敵の狀態などがリアルタイムに通知されます,實時顯示其他玩家造成的傷害、技能效果、敵人狀態等,
/setting,通知する,通知,2
/setting,參戦者のアビリティ使用通知,參戰者使用技能通知,
/setting,參戦者に効果を付與するジョブアビリティ使用時、他の參戦者が同じアビリティを使用していた際に通知されます,使用向參戰者賦予效果的職業技能時，如果其他的參戰者已經使用過同一個技能，則會進行通知,
/setting,救援依頼ウィンドウの表示スキップ,跳過救援請求窗口的顯示,
/setting,マルチバトル開始時の救援依頼ウィンドウ表示をスキップします,多人戰開始時不自動彈出救援請求窗口,
/setting,スキップする,跳過,2
/setting,救援チャット受信,接收救援通知,
/setting,一部の端末をお使いのお客様は、12:00～13:00、18:00～24:00の時間帯は、チャット通知が行われません,對於使用部分終端的用戶，將不會在12:00～13:00、18:00～24:00進行通知,
/setting,mobageのマイページにはチャットが屆きます,mobage的主頁上會顯示通知的,
/setting,「深夜帯」とは、24:00～早朝6:59 の時間帯を指します,“深夜時間”是指24：00~隔天早上6:59,
/setting,參戦者の救援依頼,參戰者的救援請求,
/setting,自分が発見したマルチバトルの參戦者に対し、救援依頼の許可を設定します,針對自己發起的多人戰的參戰者，設置是否允許其發出救援請求,
/setting,救援依頼を許可する,允許發出救援請求,
/setting,通知・貢獻度のスキン表示,通知・貢獻度處的皮膚顯示,
/setting,リアルタイム通知や貢獻度表示において、他の參戦者が設定しているスキンを反映するかどうか設定します,在實時通知及貢獻度表示窗口中，設置是否顯示其他參戰者使用的皮膚,
/setting,スキンを反映する,顯示皮膚,3
/setting,參戦者一覧スキン表示,參戰者列表中的皮膚顯示,
/setting,參戦者一覧表示において、他の參戦者が設定しているスキンを反映するかどうか設定します,在參戰者列表中，設置是否顯示其他參戰者使用的皮膚,
/setting,共闘のスキン表示,共鬥中的皮膚顯示,
/setting,共闘のリスト表示において、他の參戦者が設定しているスキンを反映するかどうか設定します,在共鬥列表中，設置是否顯示其他參戰者使用的皮膚,
/setting,各種設定に戻る,返回設置主頁,
/setting,終日受け取る,全天接收,
/setting,終日受け取らない,全天不接收,
/setting,深夜帯は受け取らない,深夜時間不接收,
/setting,アイテム一覧の設定,道具列表的設置,
/setting,アイテムリストのフィルタ機能,道具列表的篩選功能,
/setting,アイテムリストのフィルタ機能を設定します,可以設置道具列表的篩選功能,
/setting,フィルタ機能を使うことで所持アイテムが探しやすくなります,使用篩選功能可以更簡單的查找所持道具,
/setting,「フィルタOFF」の場合,「篩選OFF」的時候,
/setting,「フィルタ有効」の場合,「篩選啟用」的時候,
/setting,マルチバトルのルーム非表示設定,不顯示多人戰房間的設置,
/setting,參加條件を満たしていないルームの非表示設定,不顯示未滿足參加條件的房間的設置,
/setting,ルームの募集Rankについて、條件を満たさないルームを非表示にできます,不顯示不滿足房間的招募rank條件的房間,
/setting,非表示にする,不顯示,2
/setting,武器・召喚石のリサイクル化設定,武器·召喚石的回收設置,
/setting,武器、召喚石のリスト所持數が指定値以上の場合、クエストクリア時に獲得した裝備を、自動的にリサイクル化に使用できます。 ,武器・召喚石的清單內所持數量達到指定數量以上時，任務結束後獲得的裝備自動回收。 ,
/setting,リサイクル化へ使用された後、自動売卻・強化へ使用されます,先回收，再自動出售・強化,
/setting,リスト所持數の指定について,列表內所持數量指定,
/setting,武器の所持數,武器所持數,
/setting,召喚石の所持數,召喚石所持數,
/setting,現在リサイクル化が有効になっています,目前回收設置有效,
/setting,自動売卻・騎空艇の自動強化設定,自動出售・自動強化騎空艇的設置,
/setting,クエストクリア時に獲得した武器・召喚石を自動的に売卻するか、騎空艇の強化ができます,任務完成時獲得的武器・召喚石可自動出售或強化騎空艇,
/setting,売卻と強化を併用することはできません,出售和強化無法同時使用,
/setting,武器の自動売卻・強化設定,武器的自動出售·強化設置,
/setting,武器の売卻,武器的出售,
/setting,自動売卻する,自動出售,2
/setting,騎空艇の強化,強化騎空艇,
/setting,自動強化する,自動強化,
/setting,召喚石の自動売卻設定,召喚石的自動出售設置,
/setting,召喚石の売卻,召喚石的出售,
/setting,リスト・倉庫のソート設定共通化,列表·倉庫的分類設定共通化,
/setting,リストのソート設定共通化,列表的分類設定共通化,
/setting,武器・召喚石の並び順・絞り込み設定を「売卻」「倉庫」「リサイクル」と共通にすることができます,可將武器·召喚石的排列順序·縮小範圍的設定與[賣出][倉庫][回收]共通,
/setting,共通化する,共通,2
/setting,挨拶,留言,
/setting,非公開,不公開,6
/setting,フレンド,僅好友,6
/setting,サポーター召喚石,好友召喚石,
/setting,推しキャラ,喜歡的角色,
/setting,屬性強化スキルレベル公開,屬性強化等級,
/setting,アビリティレール,技能隊列,
/setting,アビリティレールの表示を設定します,設置技能隊列的表示方法,
/setting,ターン処理待機設定,回合處理待機設定,
/setting,直前のターン処理中にアビリティレールを使用可能にします,在處理直前回合時允許使用技能隊列,
/setting,アビリティ効果表示設定,技能效果表示設置,
/setting,アビリティ効果のウインドウのサイズを変更します,變更技能效果的窗口大小,
/setting,バトルスピード,戰鬥速度,
/setting,バトル演出の速度を設定します,設置戰鬥演出的速度,
/setting,バトルスピードを上げると、演出がスキップされる場合があります,加快戰鬥速度會導致跳過演出,
/setting,標準,標準,5
/setting,早送り,快進,
/setting,召喚再生スピード,召喚播放速度,
/setting,フルスクリーン召喚演出の再生速度を設定します,設置全屏召喚的演出播放速度,
/setting,フルスクリーン以外の召喚演出速度は変わりません,全屏以外的召喚演出速度不會變化,
/setting,演出中のボタン表示設定,演出中的按鈕顯示設置,
/setting,バトルにおいて、攻撃や召喚などの演出中に表示されるチャットボタンとスタンプボタンの表示方法を設定します,設置戰鬥中攻擊及召喚演出時周圍顯示的聊天按鈕和表情按鈕的表示方法,
/setting,AUTOボタン設定,AUTO按鈕設置,
/setting,バトル中に表示されるAUTOボタンを切り替えます,切換戰鬥中表示出來的AUTO按鈕,
/setting,フルオートでは攻撃／アビリティ使用を自動で行います,選擇FULLAUTO時會自動使用攻擊/技能,
/setting,詳しくはHELPを確認してください,詳細內容請確認HELP內容,
/setting,設定を変更すると全てのクエストに対して設定が適用されます,變更設定後會適用到所有任務中,
/setting,フル,FULL,
/setting,マルチバトル設定,多人戰鬥設置,
/setting,リアルタイム通知,實時通知,
/setting,他プレイヤーのダメージやアビリティ効果、敵の狀態などがリアルタイムに通知されます,實時顯示其他玩家造成的傷害、技能效果、敵人狀態等,
/setting,通知する,通知,2
/setting,參戦者のアビリティ使用通知,參戰者使用技能通知,
/setting,參戦者に効果を付與するジョブアビリティ使用時、他の參戦者が同じアビリティを使用していた際に通知されます,使用向參戰者賦予效果的職業技能時，如果其他的參戰者已經使用過同一個技能，則會進行通知,
/setting,救援依頼ウィンドウの表示スキップ,跳過救援請求窗口的顯示,
/setting,マルチバトル開始時の救援依頼ウィンドウ表示をスキップします,多人戰開始時不自動彈出救援請求窗口,
/setting,スキップする,跳過,2
/setting,救援チャット受信,接收救援通知,
/setting,一部の端末をお使いのお客様は、12:00～13:00、18:00～24:00の時間帯は、チャット通知が行われません,對於使用部分終端的用戶，將不會在12:00～13:00、18:00～24:00進行通知,
/setting,mobageのマイページにはチャットが屆きます,mobage的主頁上會顯示通知的,
/setting,「深夜帯」とは、24:00～早朝6:59 の時間帯を指します,“深夜時間”是指24：00~隔天早上6:59,
/setting,參戦者の救援依頼,參戰者的救援請求,
/setting,自分が発見したマルチバトルの參戦者に対し、救援依頼の許可を設定します,針對自己發起的多人戰的參戰者，設置是否允許其發出救援請求,
/setting,救援依頼を許可する,允許發出救援請求,
/setting,通知・貢獻度のスキン表示,通知・貢獻度處的皮膚顯示,
/setting,リアルタイム通知や貢獻度表示において、他の參戦者が設定しているスキンを反映するかどうか設定します,在實時通知及貢獻度表示窗口中，設置是否顯示其他參戰者使用的皮膚,
/setting,スキンを反映する,顯示皮膚,3
/setting,參戦者一覧スキン表示,參戰者列表中的皮膚顯示,
/setting,參戦者一覧表示において、他の參戦者が設定しているスキンを反映するかどうか設定します,在參戰者列表中，設置是否顯示其他參戰者使用的皮膚,
/setting,共闘のスキン表示,共鬥中的皮膚顯示,
/setting,共闘のリスト表示において、他の參戦者が設定しているスキンを反映するかどうか設定します,在共鬥列表中，設置是否顯示其他參戰者使用的皮膚,
/setting,各種設定に戻る,返回設置主頁,
/setting,終日受け取る,全天接收,
/setting,終日受け取らない,全天不接收,
/setting,深夜帯は受け取らない,深夜時間不接收,
/setting,アイテム一覧の設定,道具列表的設置,
/setting,アイテムリストのフィルタ機能,道具列表的篩選功能,
/setting,アイテムリストのフィルタ機能を設定します,可以設置道具列表的篩選功能,
/setting,フィルタ機能を使うことで所持アイテムが探しやすくなります,使用篩選功能可以更簡單的查找所持道具,
/setting,「フィルタOFF」の場合,「篩選OFF」的時候,
/setting,「フィルタ有効」の場合,「篩選啟用」的時候,
/setting,マルチバトルのルーム非表示設定,不顯示多人戰房間的設置,
/setting,參加條件を満たしていないルームの非表示設定,不顯示未滿足參加條件的房間的設置,
/setting,ルームの募集Rankについて、條件を満たさないルームを非表示にできます,不顯示不滿足房間的招募rank條件的房間,
/setting,非表示にする,不顯示,2
/setting,武器・召喚石のリサイクル化設定,武器·召喚石的回收設置,
/setting,武器、召喚石のリスト所持數が指定値以上の場合、クエストクリア時に獲得した裝備を、自動的にリサイクル化に使用できます。 ,武器・召喚石的清單內所持數量達到指定數量以上時，任務結束後獲得的裝備自動回收。 ,
/setting,リサイクル化へ使用された後、自動売卻・強化へ使用されます,先回收，再自動出售・強化,
/setting,リスト所持數の指定について,列表內所持數量指定,
/setting,武器の所持數,武器所持數,
/setting,召喚石の所持數,召喚石所持數,
/setting,現在リサイクル化が有効になっています,目前回收設置有效,
/setting,自動売卻・騎空艇の自動強化設定,自動出售・自動強化騎空艇的設置,
/setting,クエストクリア時に獲得した武器・召喚石を自動的に売卻するか、騎空艇の強化ができます,任務完成時獲得的武器・召喚石可自動出售或強化騎空艇,
/setting,売卻と強化を併用することはできません,出售和強化無法同時使用,
/setting,武器の自動売卻・強化設定,武器的自動出售·強化設置,
/setting,武器の売卻,武器的出售,
/setting,自動売卻する,自動出售,2
/setting,騎空艇の強化,強化騎空艇,
/setting,自動強化する,自動強化,
/setting,召喚石の自動売卻設定,召喚石的自動出售設置,
/setting,召喚石の売卻,召喚石的出售,
/setting,リスト・倉庫のソート設定共通化,列表·倉庫的分類設定共通化,
/setting,リストのソート設定共通化,列表的分類設定共通化,
/setting,武器・召喚石の並び順・絞り込み設定を「売卻」「倉庫」「リサイクル」と共通にすることができます,可將武器·召喚石的排列順序·縮小範圍的設定與[賣出][倉庫][回收]共通,
/setting,共通化する,共通,2
/setting,※武器・召喚石でそれぞれ設定が共通化されます,*武器·召喚石按照各自的設定共通,
/setting,※エレメントは武器・召喚石ともに共通化されません,*元素化無法與武器·召喚石設定共通,
/setting,倉庫のソート設定共通化,倉庫的分類設定共通化,
/setting,武器・召喚石倉庫の並び順・絞り込み設定を「売卻」「移動」「リサイクル」と共通にすることができます,可將武器·召喚石倉庫的排列順序·縮小範圍的設定與[賣出][倉庫][回收]共通,
/setting,※武器・召喚石倉庫でそれぞれ設定が共通化されます,*武器·召喚石倉庫按照各自的設定共通,
/setting,※エレメントは武器・召喚石倉庫ともに共通化されません,*元素化無法與武器·召喚石倉庫設定共通,
/setting/content/index/useful,編成自動絞り込み設定,編隊自動篩選設定,
/setting/content/index/useful,編成入れ替えリストを、選択したキャラクター・裝備のレアリティと屬性で自動的に絞り込むことができます,可將編隊替換清單按照選擇的角色·裝備的稀有度及屬性​​自動進行篩選,
/setting/content/index/useful,自動化する,自動化,
/setting/content/index/useful,※SSレア以外のキャラクター・裝備と入れ替えを行う場合、上位のレアリティも絞り込み対象となります,※對SSR以外的角色·裝備進行替換時，其上位稀有度也會成為篩選對象。 ,
/setting,購入金額通知機能の表示設定,購入金額通知功能的顯示設置,2
/setting,毎月、一定額以上のモバコインを使用した場合に、その旨のポップアップを表示できます,每月使用了一定數額以上的moba硬幣時，使用彈出窗口通知此事,
/setting,表示する,顯示,3
/setting,今日からはじめるグラブルアイコンの非表示,不顯示“今天開始玩碧藍”圖標,
/setting,「今日からはじめるグラブル」アイコンを非表示にします,不顯示“今天開始玩碧藍”圖標,
/setting,アイコンの非表示設定,不顯示圖標的設置,
/setting,アイコン表示Rankを超えると、設定內容に関わらず非表示になります,超過圖標顯示rank後，無論設置內容為何都不會再顯示,
/setting,表示される內容,顯示時的界面,
/setting,アイコン表示位置,圖標位置,
/setting,リサイクル化に使用する裝備を選択してください,請選擇用於回收的裝備,
/setting,ボーナス値やスキル付きの裝備は使用されません,帶+號的，有技能的裝備不會被回收,
/setting,條件を設定してください,請設置條件,
/setting,レアリティ,稀有度,
/setting,ノーマルのみ,僅N,2
/setting,レアを含む,含R,2
/setting,スキルありを含む,含有技能武器,2
/setting,エンジェルを含む,含天使系武器,2
/setting,會話シーン設定,劇情的設置,
/setting,演出の自動再生,劇情自動播放,
/setting,會話シーンでの演出が自動で進みます,看劇情時會自動播放,
/setting,自動再生する,自動播放,
/setting,テキストの一括表示,劇情文本直接顯示,
/setting,テキストが文字送りされず一括で表示されます,文本內容將不會逐字顯示而是直接顯示,
/setting,一括表示する,直接顯示,
/setting,クエスト設定,任務設置,
/setting,クエストのイベントスキップ,任務的活動Skip,
/setting,クリア済みクエストの會話シーンをスキップします,跳過已完成的任務的劇情,
/setting,アドベンチャーパートのスキップ,跳過冒險部分,
/setting,クエスト中のアドベンチャーパートをスキップします,跳過任務中的冒險部分,
/setting,スキップしない場合、演出が表示されます,不跳過時會有演出,
/setting,スキップする場合、アイテムの入手結果のみ表示されます,跳過時只顯示獲得道具的結果,
/setting,バトル開始時の編成內容の表示,戰鬥開始時編隊內容處的顯示內容,
/setting,バトル前のパーティ選択畫面に表示する情報を変更します,變更戰鬥前選擇隊伍畫面處的情報內容,
/setting,アビリティ,技能,
/setting,加護効果,加護效果,
/setting,「アビリティ」設定の場合,設置為“技能”的時候,
/setting,「加護効果」設定の場合,設置為“加護效果”的時候,
/setting,敵が特殊な能力を持つ場合の警告表示,敵人有特殊能力時顯示警告,
/setting,特定の屬性ダメージへの耐性を持つ敵が登場するクエストに表示される、バトル開始時の警告表示の設定を変更できます,變更任務中有擁有特定屬性傷害耐性的能力的敵人登場時，在戰鬥開始前顯示的的警告的設置,
/setting,メインのみ,僅主要隊員,
/setting,サブ含む,含後備隊員,
/setting,編成の中で「メインメンバー」または「サブ含む全メンバー」に、不利になってしまう屬性のキャラが含まれている場合に警告が表示されます,編隊中“主要隊員”或“含後備隊員的全部隊員”中如果包括屬性不利的角色，則顯示此警告,
/setting,クエストが未クリアの場合、設定內容にかかわらず表示されます,任務未完成的場合，無論設置內容為何都會顯示,
/setting,天破の祈りの使用確認の表示,使用天破之祈時的確認選項,
/setting,「天破の祈り」を発動できるクエストにおいて、発動の確認を行うかどうかを設定します,對於可以發動[天破之祈]的任務，設定是否要顯示確認發動選項框,
/setting,表示する場合、クエストに挑戦する度に「天破の祈り」を発動するかどうか任意で選ぶことができます,選擇顯示時，每次挑戰任務都可以任意選擇是否發動[天破之祈],
/setting,表示しない場合、「天破の祈り」は発動することはできません,選擇不顯示時，無法發動[天破之祈],
/setting,バトル前畫面でのAUTO切り替え,戰鬥前畫面中切換AUTO,
/setting,バトル前畫面において、AUTO切り替えを使用するかどうか設定します,設置是否在戰鬥前畫面使用AUTO戰鬥切換功能,
/setting,常にON,一直ON,
/setting,「ON」の場合、バトル前畫面を1回タッチすると確認が表示され再度タッチするとオートアタックが有効になります,設置為“ON”時，在戰鬥前畫麵點擊屏幕一次會顯示確認是否需要AUTO戰鬥，再點擊一次AUTO戰鬥功能啟動,
/setting,「常にON」の場合、バトル前畫面を1回タッチするとオートアタックが有効になります,設置為“一直ON”時，在戰鬥前畫麵點擊屏幕一次AUTO戰鬥功能即可啟動,
/setting,チャット・スタンプ設定,聊天・表情設置,
/setting,チャットの表示,聊天圖標顯示,
/setting,「簡易」設定の場合、畫面スクロール時にチャットウインドウが非表示になります,設置為“簡易”的場合，滑動畫面時聊天窗口會自動隱藏,
/setting,チャットボタン表示位置,聊天按鈕位置,
/setting,騎空団チャット通知設定,騎空團聊天通知設置,
/setting,騎空団チャットに投稿があった際、マイページの新著通知に表示します,騎空團聊天版有新信息時，在首頁顯示通知,
/setting,アクティブ通知設定,主動通知設置,
/setting,騎空団チャット投稿をポップアップで通知します,用彈出窗口通知騎空團聊天版消息,
/setting,スタンプセット表示設定,表情組顯示設置,
/setting,スタンプセットの表示方法を選択します,選擇表情組的顯示方法,
/setting,スタンプの表示順、絵柄を入れ替えることができます,可變更表情的顯示順序，表情圖標,
/setting,所持スタンプ一覧,持有的表情一覽,
/setting,（選択して入れ替え）,（選擇替換）,
/setting,ページ,頁,9
/setting,履歴なし,無最近使用,
/setting,スタンプの表示,顯示表情,
/setting,マルチバトルにおける他プレイヤーのスタンプ表示の有無を設定します,設置多人戰中是否顯示其他玩家的表情,
/setting,スタンプを表示,顯示表情,
/setting,ボイススタンプ設定,有聲表情設置,
/setting,マルチバトルにおいて、ボイス対応スタンプを送信・または受信した際の音聲再生の有無を設定します,設置多人戰中自己發出或收到的有聲表情是否播放聲音,
/setting,音聲を再生する,播放聲音,
/setting,最近使ったスタンプが表示されます<br>この部分は編集できません,最近使用的表情顯示於此<br>本部分無法編輯,2
/setting,最近使ったスタンプ,最近使用的表情,9
/setting,<%= stamp.priority %>番目に設定しているスタンプを変更します,更改第<%= stamp.priority %>個表情,
/setting,順番変更,交換位置,
/setting,絵柄入れ替え,更換錶情,
/setting,スタンプセットを3ページにします,表情組限制為3頁,
/setting,1ページ目に最近使ったスタンプを最大5個表示します,第一頁上最多顯示5個最近使用的表情,
/setting,スタンプセットを8ページにします,表情組限制為8頁,
/setting,1ページ目に最近使ったスタンプを最大20個表示します,第一頁上最多顯示20個最近使用的表情,
/setting,スタンプセットを7ページにします,表情組限制為7頁,
/setting,最近使ったスタンプは表示しません,不顯示最近使用的表情,
/setting,バトル中のアクティブ通知,戰鬥中的主動通知,
/setting,バトル中に騎空団チャットのアクティブ通知を受け取ります,在戰鬥中接收騎空團的主動通知,
/setting,通知を受け取る,接收通知,
/setting,マイページ設定,主頁設置,
/setting,ボタン設定,按鈕設置,
/setting,マイページにおける「強化」「共闘」「マルチバトルリスト」ボタンの表示を切り替えます,切換主頁上顯示的“強化”“共鬥”和“多人戰列表”按鈕,
/setting,マイページのBGM設定,主頁BGM設置,
/setting,マイページに表示しているキャラクターやスキンに専用のBGMが設定されている場合、専用BGMを再生するかどうか設定します,設置主頁上顯示的角色或皮膚帶有專用BGM的場合是否播放專用BGM,
/setting,専用BGMを再生,播放專用BGM,
/setting,マイページバナー表示設定,主頁橫幅顯示設置,
/setting,「アーカルムの転世」のバナーをマイページに表示します,在主頁上顯示“阿卡爾姆的轉世”的橫幅,
/setting,「遊び方ガイド」のバナーをマイページに表示します,在主頁上顯示“遊戲方法導航”的橫幅,
/setting,「カジノ」のバナーをマイページに表示します,在主頁上顯示“賭場”橫幅,
/setting,PCブラウザ版設定,PC瀏覽器版設定,3
/setting,フッター表示,顯示底邊欄,
/setting,サイドメニュー表示,側邊欄顯示,
/setting,左端のサイドメニューを展開した際に、ゲーム畫面に重ねて表示するか、ゲーム畫面をスライドさせて表示させるかを設定します,設定展開左側的側邊欄面板時的形式。覆蓋遊戲畫面或者遊戲畫面整體右移。 ,
/setting,重ねて表示,覆蓋遊戲,
/setting,スライド,整體右移,
/setting,畫面サイズ,畫面尺寸,2
/setting,自動調整,自動調整,
/party,ジョブチェンジへ,切換職業,
/party,おまかせ裝備,自動裝備,3
/party,編成<br>切り替え,隊伍<br>切換,
/present,未受取のプレゼント,未領取的禮物,2
/present,プレゼントがありません,沒有可領取的禮物,2
/present,プレゼント整頓設定,禮物的整理,
/present,プレゼントを受け取りました,收到禮物啦,
/present,受け取りに失敗しました,領取物品失敗,
/present,もう一度やり直してください,請再試一次,
/present,以下のプレゼントを<br>まとめて受け取りますか,確定要領取以下全部禮物嗎,
/present,ガチャ,抽卡,9
/present,ショップ,商店,6
/present,ラッキーガチャ,幸運抽卡,2
/present,フレンド,好友,
/quest/content/supporter,好きな召喚石を選んでくれ！ <br>加護効果でバトルが楽になるぜ,選擇你喜歡的召喚石！ <br>加護效果會讓戰鬥變得容易,
/quest/content/supporter,サポーター召喚石選択,選擇支援召喚石,
/quest/content/supporter,フリー,其他,
/quest/content/supporter,設定されていません,沒有設定,3
/quest/content/supporter,サポーター召喚石は使用できません,支援召喚石無法使用,
/quest/content/supporter,このパーティでクエストに挑戦します,準備使用當前隊伍開始任務,2
/quest/content/supporter,エリクシール使用制限なし,復活藥水可以無限使用,
/quest/content/supporter,裝備中の武器のスキル、召喚石の加護効果が<br>適用されない特殊制限バトルになります,裝備中的武器的技能、召喚石的加護效果<br>不適用於有特殊限制的戰鬥,
/quest/content/supporter,このバトルで出現する敵は「無屬性」です,這場戰鬥的敵人為“無屬性”,
/quest/content/supporter,特別なメンバーでクエストを開始します,與特殊隊員一起進行任務,
/quest/content/supporter,アビリティの內容などが通常と異なります,技能與平時的不同,
/quest/content/supporter,バトルのないクエストのため<br>パーティを編成する必要はありません,這是沒有戰鬥的任務<br>無需選擇隊伍,
/quest/content/supporter,召喚石を使用できないバトルです,這是無法使用召喚石的戰鬥,
/quest/content/supporter,通常と同じく加護効果は得られます,可以獲得平時一樣的加護效果,
/quest/content/supporter,おまかせ編成,自動組隊,
/quest/content/newindex,挑戦する,挑戰,12
/quest/content/newindex,マルチバトル 90分制限,多人戰 限制90分鐘,6
/quest/content/newindex,殘り挑戦回數,剩餘挑戰次數,12
/quest/content/newindex,※いずれかの難度のクエストを開始すると、その日の<br>うちにもう片方の難度に挑戦することは出來ません,※選擇任一難度的任務開始挑戰後，當天內無法挑戰另一難度的任務。 ,6
/comic/content/episode,ぐらぶるっ!TOPに戻る,返回四格漫畫首頁,
/comic,第1話から読む,從頭第1話開始看,
/archive/content/story,イベントストーリー,活動劇情,
/archive/content/story,アナザーストーリー,其他劇情,
/archive/content/chapter,ストーリー,故事,
/archive/content/chapter,登場人物,登場人物,
/archive/content/chapter,ストーリーはありません,還沒有故事,
/archive/content/chapter,クエストを進める,前往任務,
/archive/content/chapter,シナリオリストに戻る,返回劇情列表,
/archive/content/chapter,ルリアノートTOPに戻る,返回露莉亞日記,
/tutorial,性別選択,選擇性別,
/tutorial,主人公の性別を選択してください<br><br>性別はチュートリアル終了後、<br>いつでも変更することができます,請選擇主角的性別<br><br>可以在教程完成後隨時更改,
/tutorial,選択した內容で始める,使用選中的內容開始,
/deal/content/index,他の団員が選択中です（あと,等待其他團員選擇（還有,
/deal/content/index,の報酬となります,的額外報酬,
/deal/content/index,ディールが完了しました,DEAL已結束,
/deal/content/index,ディールする報酬を選択してください,請選擇想要對其進行ROLL點的道具,
/deal/content/index,最も大きな數値を出した者が獲得権を得ます,擲出最大數值的玩家將獲得道具,
/deal/content/index,また、ディールできるアイテムは1つのみとなります,另外，只能選擇1個道具進行ROLL點,
/deal/content/index,パスする,放棄,
/deal/content/index,ルームへ,回到房間,
/deal/content/index,クエストリストへ,回任務列表,
/deal/content/index,<%= log[i].nickname %>が<%= log[i].item_name %>を獲得する権利を得た,<%= log[i].nickname %>獲得了<%= log[i].item_name %>,
/deal/content/index,<%= log[i].nickname %>が<%= log[i].item_name %>にディール,<%= log[i].nickname %>對<%= log[ i].item_name %>進行ROLL點,
/deal/content/index,→<%= log[i].result_number %>を出した,→擲出了<%= log[i].result_number %>,
/deal/content/index,がパスした,選擇了放棄,
/deal/content/index,パスするとディール対象のアイテムは<br>獲得できません。ディール済みでも<br>キャンセルとなり獲得できません,選擇放棄後將無法獲得道具。 <br>已經ROLL出的點數也會取消,
/quest/content/_select/210053,王族にのみ伝わる地下道。最奧には繁栄を司る星の獣が眠る。 ,僅王族知曉的地道。司掌繁榮的星之獸沉睡在最深處。 ,
/shop/skin/content/list,※「スキン」は「キャラクター」とは異なります。 ,※[皮膚]與[角色]不同。 ,
/shop/skin/content/list,スキンを購入しても、新たなキャラクターは仲間になりませんのでご注意ください,即使購入皮膚，也不會有新角色加入，請注意,
/shop/skin/content/list,※仲間になっていないキャラクターのスキンは、仲間になった後、使用できます,※還沒有成為夥伴的角色的皮膚在其加入後才可以使用。 ,
/arcarum/content/index,ポイント交換,點數交換,
/arcarum/content/index,必要アーカルムポイント,需要的轉世點數,40
/coopraid/content/index,注意事項,注意事項,
/coopraid/content/index,・同時に複數のルームに參加することはできません。 ,・無法同時加入複數房間。 ,
/coopraid/content/index,・共闘クエストのバトルはアサルトタイムの影響を受けません。 ,・共鬥任務的戰鬥不受AT時間的影響。 ,
/coopraid/content/index,・未確認のバトル結果の確認期限は、バトル終了から1週間経過後の最初の土曜日までです。 ,・未確認的戰鬥結果的確認期限為，至戰鬥結束後一周以後最初的周六為止。 ,
/coopraid/content/index,・期限を過ぎると、確認及び報酬の受け取りができなくなりますのでご注意ください。 ,・請注意，過了期限以後無法確認情況及領取報酬。 ,
/coopraid/content/index,・ルームにおけるサポーター選択は、サポート報酬のプレゼント対象となりません。 ,・房間內選擇的友召不計入友召報酬的禮物對象的計算。 ,
/coopraid/content/room_entry,仲間を集める,募集隊友,
/coopraid/content/room_entry,共闘クエストで募集する仲間の條件と、,請輸入想在共鬥任務中募集的隊友的條件，,
/coopraid/content/room_entry,コメント（24文字以內）を入力してください。 ,以及說明（24字以內）。 ,
/coopraid/content/room_entry,制限なし,無限制,
/coopraid/content/room_entry,募集対象・目的,募集對象·目的,
/coopraid/content/room_entry,誰でもOK,誰都可以,
/coopraid/content/room_entry,デイリーミッション,日常任務,
/coopraid/content/room_entry,パンデモニウム,伏魔殿,
/coopraid/content/room_entry,ドロップ狙い,目標掉落物,
/coopraid/content/room_entry,フレンド限定,好友限定,
/coopraid/content/room_entry,騎空団員限定,騎空團員限定,
/coopraid/content/room_entry,※フレンド/騎空団員限定以外の募集は、,※好友/騎空團員限定以外的條件的募集,
/coopraid/content/room_entry,誰でも參加可能です。 ,誰都可以參加。 ,
/coopraid/content/room_entry,コメント,說明,
/coopraid/content/room_entry,24文字以內で入力してください。 ,請輸入24字以內的說明文,
/coopraid/content/room_entry,募集の投稿・掲載,募集投稿·揭載,
/coopraid/content/room_entry,入力した內容で共闘クエストの仲間を募集します。 ,用輸入的內容募集共鬥任務的隊友。 ,
/gacha/content/index,出現裝備紹介,出現裝備介紹,
/gacha/content/index,キャラ解放武器紹介,角色解放武器介紹,
/gacha/content/index,※キャラ解放武器は他にもあります。 ,※還有其他角色解放武器,
/gacha/content/index,ガチャ出現裝備一覧,卡池中出現的裝備一覽,
/gacha/content/index,蒼光の御印,蒼光的御印,
/gacha/content/index,・サーバーとのレスポンス狀況や通信狀況によっては、ガチャ演出がスキップされたり、ガチャ演出の一部が正常ではない狀態で表示されることがありますが、武器や召喚石の追加は正常に完了しております。プレゼントリストをご確認ください。 ,・根據服務器的應答狀況及通信狀況，有時候會出現抽卡演出被跳過，或是演出畫面不正常的情況。此時武器及召喚石已被正常追加，請確認禮物列表。 ,
/gacha/content/index,・演出がスキップされた場合でもキャラ解放武器を入手していた場合、キャラを獲得しておりますので、編成をご確認ください。 ,・獲得角色解放武器時，即使演出跳過，角色也已經獲得，請確認編成。 ,
/gacha/content/index,・同じキャラ解放武器を複數入手しても、同じキャラを重複して獲得することはできません。 ,・即使獲得複數同樣角色的解放武器，也無法重複獲得同樣的角色。 ,
/gacha/content/index,・同じキャラ解放武器を複數入手した場合、入手した武器のレアリティに応じた【ムーン】を獲得します。 ,・獲得複數同樣角色的解放武器時，根據獲得的武器的稀有度可獲得對應的[月亮]。 ,
/gacha/content/index,・【ムーン】に関しては下部のHELPボタンよりご確認ください。 ,・關於[月亮]，請按下部的HELP按鈕確認詳情。 ,
/gacha/content/index,・【蒼光の御印】によって獲得できる裝備は、レベル、スキルレベルともに1となります。また、ボーナス(+1)はつきません。 ,・通過[蒼光的御印]獲得的裝備，等級及技能皆為1級，且沒有（+1）。 ,
/gacha/content/index,・同じ名前を持つキャラは、同一パーティ內に編成することができませんのでご注意ください。 ,・請注意，同名角色無法編在一隊裡。 ,
/gacha/content/index,・武器や召喚石は重複して同一のものが出現する場合があります。 ,・武器及召喚石可能會重複出現同樣的東西。 ,
/gacha/content/index,・武器や召喚石の出現率はガチャの種類によって異なります。 ,・武器及召喚石的出現率根據卡池種類不同。 ,
/gacha/content/index,・裝備品ごとに個別に表示している提供割合は表示上小數第4位にて切り捨てしているため、全て合算しても100%にならない場合があります。 ,・每個裝備品上顯示的提供比例四捨五入到小數點後3位，所以所有裝備品合計可能不滿100%,
/gacha/content/index,・ガチャは1回ごとに提供割合に基いて抽選を行います。そのため提供割合1%の裝備品が100回中1回、必ず出現するという仕組みではありません。 ,・卡池每次抽卡都會根據提供比例進行抽選。因此並不意味著，提供比例為1%的裝備品100次中必定會抽中1次。 ,
/gacha/content/index,・表記內容や施策について、今後追加や変更になる場合があります。 ,・表記內容及措施今後可能會有追加及變更。 ,
/gacha/content/index,・言語設定「English」では、一部誤った英語、または日本語で表示される場合があります。正しい表記については、言語設定を日本語にしてご確認ください。 ,・語言設定為[English]時，可能會有部分英語表達錯誤，或是用日語表示。正確的表記內容請將語言設定改為日語後確認。 ,
/gacha/content/index,・レジェンドガチャチケットを1度に10枚消費しても、Sレア以上1回確定はありません。 ,・單抽券即使1次消費10張，也沒有sr保底。 ,
/gacha/content/ceiling,【蒼光の御印】を300個使用して、,可使用300個[蒼光的御印],
/gacha/content/ceiling,対象の裝備品の中からお好きなものを1つ獲得できます。 ,從對象裝備品中任選一個獲取。 ,
/gacha/content/ceiling,【蒼光の御印】によって獲得する裝備はレベル、スキルレベル,通過[蒼光的御印]獲得的裝備等級及其技能等級,
/gacha/content/ceiling,ともに1となります。また、ボーナス(+1)はつきません。 ,皆為1級，且沒有（+1）。 ,
/quest/content/unclaimed_reward,未確認バトル,未確認的戰鬥,
/quest/content/unclaimed_reward,未確認バトルの確認期限は、バトル終了から1週間経過後の最初の土曜日までとなります。 ,未結算的戰鬥截止日期為戰鬥結束一周後的第一個星期六。 ,
/quest/content/unclaimed_reward,期限を過ぎると、確認及び報酬の受け取りができなくなりますのでご注意ください。 ,請注意，截止日期後您將無法結算戰鬥和獲取獎勵。 ,
/quest/content/unclaimed_reward,未確認バトルが5件以上殘っている場合、クエストの開始・マルチバトルへの參加ができなくなります。 ,如果積累了5場或更多未結算的戰鬥，你將無法發起任務或參加多人戰。 ,
/quest/content/battle_history,バトル履歴一覧,戰鬥履歷一覽,
/quest/content/battle_history,未確認バトルの確認期限は、バトル終了から1週間経過後の最初の土曜日までとなります。 ,未結算的戰鬥截止日期為戰鬥結束一周後的第一個星期六。 ,
/quest/content/battle_history,期限を過ぎると、確認及び報酬の受け取りができなくなりますのでご注意ください。 ,請注意，截止日期後您將無法結算戰鬥和獲取獎勵。 ,
/quest/content/battle_history,未確認バトルが5件以上殘っている場合、クエストの開始・マルチバトルへの參加ができなくなります。 ,如果積累了5場或更多未結算的戰鬥，你將無法發起任務或參加多人戰。 ,
/play_list,<%= n.episode_name %>を再生,閱讀 <%= n.episode_name %>,
/listall/content,リサイクル狀況,回收狀況,10
/listall/content,精錬完了まで,距精煉完畢還有,10
/listall/content,キャラ數,角色數,7
/enhancement_weapon/content,ベース武器を選択してください,請選擇基礎武器,
/enhancement_weapon/content,ベースにできる武器がありません,沒有可作為基礎的武器,
/enhancement_weapon/content,素材を選択してください（最大20個）,請選擇素材（最大20個),
/enhancement_weapon/content,素材にできる武器がありません,沒有可作為素材的武器,
/enhancement_weapon/content/material,素材武器を選択してください,請選擇素材武器,5
/party/content/set_poses,スキン・POSE切り替え,皮膚·POSE切換,
/party/content/set_poses,スキンを選択してください,請選擇皮膚,
/party/content/set_poses,推しキャラTwitter投稿畫像,喜愛角色Twitter投稿畫像,
/party/content/set_poses,推しキャラTwitter投稿で使用する<br>POSEを設定できます。 ,可設定喜愛角色​​Twitter投稿中使用的POSE,
/archive/content,ルリアノートTOPに戻る,回到露莉亞日記TOP,5
/archive/content/story,メインシナリオTOPに戻る,回到主線劇情TOP,